Value,MakeModel
0.03571006612291478,LEXUS-RX 450
0.02926073238680227,CHEVROLET-EQUINOX
0.0371058973584399,HONDA-FIT
0.02749374014030141,FORD-ESCAPE
0.13339287752156545,HYUNDAI-SANTA FE
0.03832947336622697,TOYOTA-PRIUS
0.04842533481019032,HYUNDAI-SONATA
0.04214745074346323,TOYOTA-CAMRY
0.055940086597522906,LEXUS-RX 350
0.03382885241499681,MERCEDES-BENZ-E 350
0.04618148558386198,FORD-TRANSIT
0.01596338065988655,OPEL-VECTRA
0.047144161380189974,TOYOTA-CHR
0.053920484677608835,HYUNDAI-ELANTRA
0.030890813278286845,LEXUS-RX 400
0.0545332460645118,MERCEDES-BENZ-E 220
0.07217420199375693,LEXUS-GX 470
0.03523824388279126,TOYOTA-HIGHLANDER
0.07354133521296949,MERCEDES-BENZ-VITO
0.10405105226059813,PORSCHE-CAYENNE
0.05886698217702145,BMW-X5
0.06367911925620112,JEEP-GRAND CHEROKEE
0.1735709730473601,TOYOTA-CHR LIMITED
0.10062276373644816,HYUNDAI-H1
0.03668247574933709,VOLKSWAGEN-JETTA
0.0474385929580774,TOYOTA-TACOMA
0.05254509448528178,TOYOTA-PRIUS C
0.056752055852045784,TOYOTA-AQUA
0.04620323565938308,FORD-ESCAPE HYBRID
0.1007622931561105,HONDA-CIVIC
0.04160668613432685,AUDI-Q7
0.04883361863524989,RENAULT-MEGANE 1.5CDI
0.043979961735978255,MERCEDES-BENZ-E 300
0.06869294800792132,AUDI-Q5
0.02990108414728292,MERCEDES-BENZ-C 180
0.06660400093981808,MERCEDES-BENZ-GLA 250
0.03697257745107911,NISSAN-JUKE
0.08392444533950928,BMW-535
0.0542827845467056,CHEVROLET-CRUZE LT
0.0329742556976471,FORD-FUSION
0.019891920921021714,TOYOTA-VOXY
0.016976168898734604,MERCEDES-BENZ-A 160
0.10083888832947337,HYUNDAI-TUCSON
0.029102238780921694,TOYOTA-VITZ
0.05947266136340751,CHEVROLET-CAPTIVA
0.12760309468667136,FORD-MUSTANG
0.04954694055650656,MERCEDES-BENZ-ML 350
0.01968892021615816,TOYOTA-YARIS
0.045719799953009094,HONDA-CR-V
0.03935380794146276,CHEVROLET-CRUZE
0.07134088544288927,CHEVROLET-ORLANDO
0.26093713288356324,MERCEDES-BENZ-GL 63 AMG
0.009357902863088645,BMW-520 VANOS
0.032068673849561975,SUBARU-FORESTER
0.023903131608095863,DAEWOO-LACETTI
0.1104118417077837,BMW-428 SPORT LINE
0.0788331151612795,NISSAN-PATROL
0.0397999530090961,MERCEDES-BENZ-E 320
0.06743443090658881,HYUNDAI-GENESIS
0.3345785922867788,PORSCHE-911
0.08998298257980063,LEXUS-GX 460
0.08165528815493572,MERCEDES-BENZ-SPRINTER
0.05003621656093714,FORD-FOCUS SE
0.03802386466619676,KIA-PICANTO
0.0661198268049542,BMW-328
0.2047917967307757,FORD-EXPLORER
0.029300506830463532,MITSUBISHI-AIRTREK
0.039885207934749776,MERCEDES-BENZ-E 500 AMG
0.03065015272043769,MITSUBISHI-LANCER
0.07535786929815728,SSANGYONG-KORANDO
0.040588963850568927,RENAULT-CLIO
0.008675863457859229,MAZDA-616
0.05370154063034941,MERCEDES-BENZ-C 220
0.03121599033329977,NISSAN-SERENA
0.008357667908569127,NISSAN-MAXIMA
0.07789447185580504,TOYOTA-RAV 4
0.042753868358339206,MITSUBISHI-PAJERO
0.032600510186956665,CHEVROLET-VOLT
0.019020776692511662,GMC-TERRAIN
0.021367435303594803,MERCEDES-BENZ-208
0.07988621488269057,HONDA-HR-V EX
0.028617796126606924,FIAT-500
0.03007776994596046,SUBARU-LEGACY
0.05988655053200416,HYUNDAI-ELANTRA SPORT LIMITED
0.06323700198033096,TOYOTA-SIENNA
0.026421642667740747,MERCEDES-BENZ-A 170
0.24597516195079383,LEXUS-NX 300
0.10878343906286711,SSANGYONG-REXTON
0.04409760682039405,KIA-CARNIVAL GRAND
0.018306313563588764,INFINITI-QX60
0.04761695700332293,VOLKSWAGEN-PASSAT
0.02620078541939382,MERCEDES-BENZ-E 240 E 240
0.012036988554358407,MAZDA-1000
0.004249320310139966,AUDI-50
0.07847272849327024,MERCEDES-BENZ-C 250
0.03146376665659719,TOYOTA-VITZ FUNKARGO
0.029405598630550797,BMW-325
0.019542040076528044,AUDI-A6
0.05212408955123687,NISSAN-PATHFINDER
0.049998321753432017,MITSUBISHI-DELICA
0.021792233074883365,VOLKSWAGEN-GOLF
0.019423186654583292,MERCEDES-BENZ-VANEO
0.09494478568791327,TOYOTA-CAMRY SE
0.06620011412076662,NISSAN-PATROL Y60
0.039681435236464946,AUDI-A7
0.042535595609706975,HYUNDAI-I30
0.023542140771322124,NISSAN-ALTIMA
0.012304903836471655,ALFA ROMEO-147
0.034751048904104985,SUZUKI-GRAND VITARA
0.03082207229886215,LEXUS-CT 200H
0.17080633034605444,PORSCHE-PANAMERA
0.054248481186855976,HYUNDAI-VELOSTER
0.1230423253784446,TOYOTA-RAV 4 XLE SPORT
0.04531265733561575,TOYOTA-SIENTA
0.14962266304165409,MERCEDES-BENZ-CLS 550
0.019096767697110058,CHEVROLET-AVALANCHE
0.11725405296546168,TOYOTA-AVALON LIMITED
0.08830597791427516,KIA-CERATO K3
0.006179572382774477,MAZDA-CX-7
0.023906051757124156,OPEL-ASTRA G
0.029790487698452654,TOYOTA-IST
0.03213701204981036,TOYOTA-COROLLA
0.044248279797267816,NISSAN-ROGUE
0.02258607726647199,MAZDA-MPV
0.06170187627966301,BMW-530
0.20593595811096566,LEXUS-GS 350
0.02061893733427315,VOLKSWAGEN-SHARAN
0.02410052696942235,NISSAN-TIIDA
0.05919420669284731,MERCEDES-BENZ-C 300
0.11171469808344243,SSANGYONG-ACTYON
0.0180329943275266,TOYOTA-TUNDRA
0.03702463665961803,NISSAN-ELGRAND
0.0309222636189709,MERCEDES-BENZ-C 350
0.06788641627227873,MERCEDES-BENZ-CLS 500
0.18704393649514986,MERCEDES-BENZ-S 350
0.11567482294498707,TOYOTA-RAV 4 LE
0.03255993018494277,OPEL-ZAFIRA
0.018298828583895546,OPEL-VECTRA B
0.04024549390796496,MERCEDES-BENZ-C 200
0.022985030040613568,OPEL-ASTRA
0.007846373309166583,MAZDA-323
0.0314268452321015,MERCEDES-BENZ-CLK 320
0.08586375994361091,TOYOTA-AVALON
0.2346233343402813,MERCEDES-BENZ-ML 250
0.045924143255127045,BMW-330
0.3367267478938006,AUDI-A7 PRESTIGE
0.003833115161279495,MITSUBISHI-COLT LANCER
0.023148256301815863,BMW-318
0.0636536434732991,MITSUBISHI-OUTLANDER
0.03687047292988286,MERCEDES-BENZ-E 200
0.10932786224952169,MERCEDES-BENZ-GLE 350
0.06163384016379687,CHEVROLET-MALIBU
0.002386466619675763,ACURA-TL
0.021415600980095997,HONDA-INSIGHT
0.023955022991977982,HONDA-STREAM
0.02356929480079213,MITSUBISHI-I
0.025518074715537208,VOLKSWAGEN-GTI
0.022673346088007248,MITSUBISHI-COLT
0.023044003625012587,MITSUBISHI-PAJERO MINI
0.0580663243043668,FORD-C-MAX
0.09811892055180747,BMW-750
0.13672674789380057,TOYOTA-RAV 4 S P O R T
0.111202295841305,MERCEDES-BENZ-E 250
0.031537374551069045,SUBARU-OUTBACK
0.255676400496761,MERCEDES-BENZ-GLC 300
0.037929614338938676,CHEVROLET-LACETTI
0.05714966602893297,LINCOLN-NAVIGATOR
0.07188490585036753,FORD-FUSION TITANIUM
0.034095257275198874,SUZUKI-JIMNY
0.0474833350115799,CHEVROLET-AVEO
0.10903732420367201,BMW-X6
0.03688154935723157,TOYOTA-AQUA S
0.013311851777263116,VAZ-1111
0.09050112442520054,LEXUS-NX 200
0.05251904809854664,GAZ-32214
0.013199979861041185,RENAULT-LAGUNA
0.05250078877588695,KIA-OPTIMA
0.052597355083408855,HONDA-SHUTTLE
0.030662001141207665,MERCEDES-BENZ-C 240
0.14130691773235324,TOYOTA-LAND CRUISER PRADO
0.045148189171953144,BMW-328 XDRIVE
0.028466418286174605,MERCEDES-BENZ-E 240
0.08466099419326688,FORD-TAURUS
0.01045883261168731,RENAULT-TWINGO
0.13672674789380057,BMW-535 M PAKET
0.03672674789380056,MERCEDES-BENZ-S 500 LONG
0.02020394052294163,BMW-520
0.030205685899372337,BMW-525
0.06409559292451247,AUDI-A4 PREMIUM
0.01202128016648206,FORD-GALAXY
0.04346457221494982,SUZUKI-KIZASHI
0.016975866814352366,VOLKSWAGEN-GOLF 4
0.0388211996106468,HONDA-ELEMENT
0.049360588057597424,CITROEN-C1
0.040467190279595874,NISSAN-X-TRAIL
0.031074212063236333,KIA-RIO
0.15246071224784347,LAND ROVER-DISCOVERY
0.013352398214345652,VOLKSWAGEN-VENTO
0.016186688148222737,MERCEDES-BENZ-C 200 2.0
0.27699040042963113,BMW-M6
0.25251569160541065,MERCEDES-BENZ-ML 550 4.7
0.07216685127378913,TOYOTA-COROLLA IM
0.045148189171953144,MERCEDES-BENZ-CLK 240
0.03868311348303293,FORD-FIESTA
0.03840371899439466,MINI-COOPER
0.03472993656227973,OPEL-COMBO
0.03738720504816568,DODGE-CHALLENGER
0.0346222266975464,LEXUS-RX 300
0.025908501997113417,AUDI-A4
0.035136105796663646,BMW-320
0.09251726915718457,LEXUS-RX 400 HYBRID
0.008307320511529553,TOYOTA-COROLLA VERSO
0.02584456080287316,MITSUBISHI-PAJERO IO
0.09725438861477528,BMW-528 I
0.0350566576041352,HONDA-ODYSSEY
0.1137616218574833,MITSUBISHI-L 200
0.03669653945557681,HONDA-INSIGHT EX
0.046202128016648206,FORD-FIESTA 1.6
0.04099003121538616,FORD-FOCUS
0.02783596818044507,NISSAN-TEANA
0.018774342966468634,CHEVROLET-MATIZ
0.034470446077937776,MAZDA-MAZDA 3
0.020639881851441614,OPEL-CORSA
0.035149196119893936,RENAULT-SCENIC
0.03215654683986171,CHEVROLET-SPARK
0.024601013660927065,NISSAN-MARCH
0.20067381599704628,JEEP-WRANGLER
0.08409693552176686,LEXUS-HS 250H HYBRID
0.004447353405162287,DODGE-JOURNEY
0.07778098882287786,HYUNDAI-SONATA SPORT
0.05581848085120666,HYUNDAI-ELANTRA SE
0.13093847548081763,NISSAN-ROGUE SPORT
0.07514852482126674,TOYOTA-AURIS
0.04115513711274461,MERCEDES-BENZ-E 270
0.15251569160541067,TOYOTA-FJ CRUISER
0.014589635149196119,LEXUS-ES 350
0.16182056187695096,BMW-M3
0.09776034639009164,CHEVROLET-IMPALA
0.04022468365052193,KIA-SOUL
0.39356895915147855,MERCEDES-BENZ-S 350 W2222
0.04409760682039405,FIAT-500C LOUNGE
0.032166381364750106,MITSUBISHI-MONTERO
0.051465109253851574,CHEVROLET-CRUZE LTZ
0.05041117040915651,BMW-X5 X5
0.03438300943174571,TOYOTA-IPSUM
0.07418991038163328,MINI-COUNTRYMAN
0.05251904809854664,TOYOTA-COROLLA 04
0.016014231530896518,MERCEDES-BENZ-A 190
0.03319460947202363,MERCEDES-BENZ-SLK 230
0.051465109253851574,NISSAN-ROGUE SL
0.05918504346658611,AUDI-Q3
0.03886211526197429,HYUNDAI-ACCENT
0.016289061188869868,NISSAN-FRONTIER
0.06023287349377371,HYUNDAI-GRANDEUR
0.022517034202665057,SUBARU-STELLA
0.02128912831873259,HONDA-HR-V
0.02672775484174135,TOYOTA-PRIUS 2014
0.05462356929480079,DODGE-DART LIMITED
0.012381532574765885,MAZDA-CX-9
0.02146561272782197,CHRYSLER-200
0.017550263484711174,HONDA-ACCORD
0.111859195112946,JAGUAR-XF
0.05085859094418152,LEXUS-IS 200
0.022254388614775283,LAND ROVER-FREELANDER
0.08501043869365286,JEEP-COMPASS
0.03652898331822911,FORD-TRANSIT CONNECT
0.030902493874400028,SUBARU-XV
0.04409760682039405,TOYOTA-AQUA G SOFT LEATHER SELE
0.031044205014600746,OPEL-MERIVA
0.05748518108280469,TOYOTA-PRIUS V
0.06397140267848152,KIA-SORENTO
0.02278051891383882,BMW-114
0.02199174302688551,TOYOTA-PASSO
0.06366515624475548,LEXUS-ES 300
0.04917232235760078,KIA-SPORTAGE
0.07883395428456348,BMW-320 DIESEL
0.02620078541939382,ISUZU-RODEO
0.05073899909374685,AUDI-A5
0.026183398784949484,NISSAN-VERSA
0.04146443795522438,HONDA-FIT SPORT
0.034520692780183264,KIA-CARNIVAL
0.03146376665659719,HONDA-STEP WAGON PADA
0.060937132883563255,DODGE-DART GT 2.4
0.023044003625012587,ACURA-TLX
0.019020138958815828,MERCEDES-BENZ-E 230
0.11146578055247877,AUDI-A3 PREMIUM
0.09945557681334541,MERCEDES-BENZ-GL 320
0.035324841405699324,FORD-TOURNEO CONNECT
0.15251569160541067,HYUNDAI-KONA
0.06373852918470782,LEXUS-IS 250
0.05289074614842412,BMW-335
0.049360588057597424,MERCEDES-BENZ-CLK 320 AMG
0.03883462558319068,BMW-730 3.0
0.030787433289698924,TOYOTA-ISIS
0.14771983351794046,MERCEDES-BENZ-S 550
0.011149598899070252,MAZDA-1300
0.014948477830362837,DODGE-RAM
0.04946863357164435,NISSAN-X-TERRA
0.0660960628335515,MERCEDES-BENZ-SPRINTER 411
0.020955425771154296,OPEL-SINTRA
0.05035478132447219,MERCEDES-BENZ-E 500
0.2247272849327023,BMW-X5 M
0.10922558990366865,CHEVROLET-CAMARO
0.12978014969959387,MERCEDES-BENZ-CLS 350
0.15251569160541067,FORD-TRANSIT 350T
0.05225388514080489,BMW-435
0.41830631356358877,MERCEDES-BENZ-G 350
0.00827711207330581,MITSUBISHI-OUTLANDER 2.0
0.022546672037055685,VOLKSWAGEN-POLO
0.09142352230389689,JEEP-CHEROKEE
0.08201748732923841,MERCEDES-BENZ-CLA 250
0.03730742120632363,TOYOTA-IST 1.5
0.010530292350552143,VAZ-2107
0.02166136340751183,NISSAN-NOTE
0.01777934414124123,TOYOTA-HARRIER
0.06672842614036854,KIA-CEED
0.21251804115060585,BMW-X6 M
0.01628066995602994,SSANGYONG-KYRON
0.046229248481186855,SKODA-OCTAVIA
0.053042661027758196,TOYOTA-SEQUOIA
0.04567515859430067,MAZDA-MAZDA 3 SPORT
0.15311888698687612,LAND ROVER-RANGE ROVER
0.1131493975094821,HYUNDAI-IX35
0.03357164434598731,NISSAN-TIIDA 2008
0.02197049642533481,MITSUBISHI-MINICA
0.021430033900580674,NISSAN-SENTRA
0.16894982042761722,MERCEDES-BENZ-GL 550
0.03355821837344343,LINCOLN-TOWN CAR
0.019348504682307924,MITSUBISHI-MIRAGE
0.060675326418957475,GMC-YUKON
0.039885207934749776,BMW-325 CI
0.02812596918739301,MERCEDES-BENZ-SMART
0.05988655053200416,TOYOTA-COROLLA LE
0.10659634813546806,BMW-428
0.06203927096969087,HYUNDAI-ELANTRA LIMITED
0.06304501057295338,MERCEDES-BENZ-SPRINTER MAX
0.05988655053200416,TOYOTA-CAMRY S
0.23672674789380055,BMW-X5 3.5
0.04725606686134327,TOYOTA-IPSUM S
0.04725606686134327,MINI-COOPER S CABRIO R56
0.10255962810056053,LEXUS-LS 460
0.010411841707783708,MAZDA-MX-5
0.06872587520558521,VOLKSWAGEN-CRAFTER
0.08620145671802101,TOYOTA-PRIUS PLUGIN
0.034753969053133285,MERCEDES-BENZ-A 140
0.022692780183264524,DAIHATSU-TERIOS
0.062201792367334606,KIA-CADENZA
0.06830799181015675,HYUNDAI-SONATA 2.0T
0.2630450105729534,LAND ROVER-DEFENDER 90 CABRIO
0.03497130198368744,MERCEDES-BENZ-E 280
0.060413519954351694,HYUNDAI-SONATA S
0.09308760447084886,MERCEDES-BENZ-GL 450
0.041539489141744705,MERCEDES-BENZ-B 170
0.05758936662974524,KIA-CERATO
0.055926559930184944,FORD-EDGE
0.021292753331319438,CHRYSLER-PT CRUISER
0.020937804182190448,OPEL-ASTRA 1600
0.06620011412076662,HYUNDAI-SONATA BLUE EDITION
0.130408418084785,MERCEDES-BENZ-CLS 55 AMG
0.02620078541939382,BMW-320 M
0.14304366797569898,MERCEDES-BENZ-SPRINTER VAN
0.02514852482126674,MERCEDES-BENZ-CLK 430
0.026640486020206088,LEXUS-IS 350
0.0588326116873091,HONDA-CIVIC EX
0.043718994394656464,NISSAN-FUGA
0.3788339542845635,MITSUBISHI-PAJERO SPORT
0.09232957406102105,MERCEDES-BENZ-VIANO
0.05291175779545531,LINCOLN-MKZ
0.06689312925855068,BMW-528
0.04725606686134327,CHEVROLET-CRUZE STROCNA
0.12778001543986842,MINI-COUNTRYMAN S
0.028305306615647972,NISSAN-TIIDA AXIS
0.025277347027825327,MERCEDES-BENZ-CLK 200
0.03516842882556305,SUZUKI-SWIFT
0.09909710334642366,CHEVROLET-VOLT PREMIER
0.035855435840633706,LEXUS-HS 250H
0.07357097304736011,LEXUS-CT 200H F-SPORT
0.012336790521263383,FORD-MONDEO
0.018833282985936294,BMW-316 I
0.013920853891853789,BUICK-CENTURY
0.004920618937334273,OPEL-OMEGA 1
0.08593797200684725,MERCEDES-BENZ-E 550
0.0230423253784446,SUBARU-LEGACY B4 TWIN TURBO
0.008788003893532037,DODGE-AVENGER
0.09100419561641997,BMW-740
0.13805128721511764,AUDI-A8
0.004309737186587453,FORD-ESCORT
0.03245460343033599,MAZDA-ATENZA
0.0635013258147887,VOLKSWAGEN-TIGUAN
0.02620078541939382,OPEL-ASTRA BERTONE
0.03935823851240224,HONDA-FIT HBRID
0.05778202933575001,TOYOTA-VERSO
0.06514953176920753,VOLKSWAGEN-GOLF 6
0.03203269224314436,MERCEDES-BENZ-230
0.014097271171080455,NISSAN-BLUEBIRD
0.03146376665659719,BMW-120
0.02725472426408888,MERCEDES-BENZ-CLK 230 .
0.03146376665659719,SUZUKI-LIANA
0.02584556775081395,MERCEDES-BENZ-C 280
0.06058805759742222,TOYOTA-ALPHARD
0.021464773604537978,HONDA-PASSPORT
0.025965830899875808,MITSUBISHI-COLTPLUS
0.10935790286308865,AUDI-A4 S LINE
0.08962095123015473,TOYOTA-CAMRY XLE
0.05126227637364481,HYUNDAI-SONATA HYBRID
0.00189977511495989,FORD-SIERRA
0.04215909777464505,JEEP-LIBERTY
0.027422548920887458,HONDA-FIT ARIA
0.010017453764307052,JAGUAR-F-TYPE
0.033359513979793906,MITSUBISHI-GRANDIS
0.02900792132380089,MERCEDES-BENZ-E 430
0.03935823851240224,HONDA-FIT S
0.024447588359681804,HONDA-INSPIRE
0.19628939683818347,LAND ROVER-LAND ROVER SPORT
0.012985533514583963,TOYOTA-VENZA
0.04352029000100695,MITSUBISHI-RVR
0.017254623569294802,CHRYSLER-TOWN AND COUNTRY
0.029359245460343034,SUBARU-XV LIMITED
0.015674822944987076,MAZDA-PREMACY
0.18093847548081765,TESLA-MODEL X
0.06588594636323969,MERCEDES-BENZ-R 350
0.009623065820830397,BMW-135
0.06234239586480045,TOYOTA-COROLLA S
0.017561742691236195,CHEVROLET-TRAVERSE
0.02100117477259759,MAZDA-DEMIO
0.06336723391400664,VOLKSWAGEN-JETTA GLI
0.18304410431980667,MERCEDES-BENZ-ML 350 4 MATIC
0.0946228979961736,MERCEDES-BENZ-CLK 55 AMG
0.10623055751350989,MAZDA-CX-5
0.013570301748732925,DAIHATSU-YRV
0.06409559292451247,CADILLAC-ALLANTE
0.037755445910113115,MERCEDES-BENZ-C 230
0.021703084617191958,OPEL-COMBO 2001
0.04677189272647937,MERCEDES-BENZ-S 500
0.15778202933575,BMW-540 I
0.0830429966770718,FORD-FUSION PHEV
0.06388581210351425,FIAT-500 ABARTH
0.05341227805189139,BMW-650
0.0024032490853556202,GAZ-24 10
0.015148692645923539,PEUGEOT-206
0.06409559292451247,AUDI-A4 PREMIUM PLIUS
0.078833350115799,MAZDA-MAZDA 6
0.04518309670056725,HONDA-FRED
0.03278119021246602,TOYOTA-ALTEZZA
0.07883395428456348,MERCEDES-BENZ-C 320 CDI
0.011822273688450307,VAZ-2106
0.09365699996643506,BMW-550
0.0830429966770718,FORD-ESCAPE TITANIUM
0.7367267478938005,BENTLEY-CONTINENTAL GT
0.051465109253851574,VOLVO-C30 2010
0.015974826301480213,NISSAN-MICRA
0.12093780418219045,BMW-X5 XDRIVE
0.10051757124156681,BMW-535 I
0.03919937569227671,TOYOTA-ESTIMA
0.28409693552176685,MERCEDES-BENZ-C 200 7G-TRONIC
0.3788339542845635,MERCEDES-BENZ-X 250
0.08409693552176686,IVECO DAYLY-IVECO DAYLY
0.09341120397408788,MERCEDES-BENZ-ML 280
0.3262007854193938,BMW-640 GRAN-COUPE
0.06613701204981036,TOYOTA-CAMRY SPORT
0.03701493639445508,SUBARU-IMPREZA
0.12656358876246096,TOYOTA-HILUX
0.057219246131641664,MERCEDES-BENZ-320
0.012727821971604068,GMC-ACADIA
0.0538331151612795,CHEVROLET-CRUZE PREMIER
0.023631389923807606,VOLKSWAGEN-UP
0.07930930084247978,MITSUBISHI-OUTLANDER SPORT
0.03357164434598731,FIAT-500L LONG
0.0027808545631524185,FORD-RANGER
0.0348706071896083,JAGUAR-XJ
0.02830641425838284,SUZUKI-XL7
0.06497388648340213,VOLKSWAGEN-PASSAT SEL
0.022518712449233043,HONDA-FIT HIBRID
0.05041117040915651,HAVAL-H6
0.05514886047058034,VOLKSWAGEN-CC R LINE
0.08041318430503809,MAZDA-MAZDA 6 TOURING
0.25778202933575,MERCEDES-BENZ-CLA 45 AMG
0.021366092706340416,DODGE-DURANGO
0.03549229684825294,DODGE-CALIBER
0.04547447386970093,NISSAN-MURANO
0.02841607088913503,FORD-TRANSIT CL
0.02778169368643641,BMW-523
0.051465109253851574,BMW-320 I
0.0012016245426778101,CHRYSLER-SEBRING
0.05778202933575001,FORD-ESCAPE 3.0
0.0211723894874635,DODGE-RAMCHARGER
0.05778202933575001,MERCEDES-BENZ-C 36 AMG
0.024096264223139662,FORD-TRANSIT FFF
0.3181838015641258,LEXUS-LX 570
0.013148054912227704,DAEWOO-GENTRA
0.01862249521699728,BMW-316
0.008612761386902965,FIAT-CINQUECENTO
0.02541033128587252,HONDA-PILOT
0.04519853656899272,BMW-5.30E 62
0.05567415164635988,VOLKSWAGEN-CC 2.0 T
0.0588326116873091,SUBARU-BRZ
0.017990971033464236,SUZUKI-SX4
0.03825428791998121,VOLKSWAGEN-TOUAREG
0.012078340549793575,CHEVROLET-1500
0.20777951196589803,MERCEDES-BENZ-GLE 63 AMG
0.028305306615647972,JEEP-GRAND CHEROKEE SAIUBILEO
0.045148189171953144,MERCEDES-BENZ-SMART FORTWO
0.024863122209915083,NISSAN-SKYLINE
0.041593662940959286,FIAT-500 SPORT
0.06554391971268418,VOLKSWAGEN-GOLF TDI
0.024096264223139662,MAZDA-DEMIO EVROPULI
0.22784929345819488,TOYOTA-LAND CRUISER
0.06742187762226026,BMW-X3
0.061991071728258317,MERCEDES-BENZ-CLS 550 550
0.08251770550129225,CHEVROLET-EQUINOX LT
0.07093948242875843,MITSUBISHI-OUTLANDER SE
0.05462356929480079,MERCEDES-BENZ-E 270 AVANGARDI
0.023044003625012587,NISSAN-WINGROAD
0.0819924143255127,VOLKSWAGEN-PASSAT R-LINE
0.049360588057597424,BMW-X5 E53
0.0026057463162487836,MAZDA-EUNOS 500
0.02199174302688551,CHRYSLER-PACIFICA
0.027780015439868425,FIAT-DOBLO
0.11093824052629812,AUDI-ALLROAD
0.07251703420266506,MERCEDES-BENZ-E 350 212
0.25778202933575,PORSCHE-PANAMERA S
0.025150203067834727,SUBARU-FORESTER SH
0.0010539388446950625,NISSAN-SERENA SEREA
0.030756956332024302,VOLKSWAGEN-CADDY
0.0004900479978518444,MERCEDES-BENZ-E 55
0.0021221427852180044,MINI-COOPER S CABRIO
0.3072544893095694,MERCEDES-BENZ-S 63 AMG
0.07093948242875843,FORD-TRANSIT S
0.26251804115060584,MERCEDES-BENZ-C 63 AMG
0.07251703420266506,FORD-C-MAX HYBRID
0.21567482294498708,BMW-435 CUPE
0.0605448259658309,MERCEDES-BENZ-ML 500
0.14419158862820125,MERCEDES-BENZ-G 55 AMG
0.03817591380525627,MERCEDES-BENZ-ML 270
0.06620011412076662,LEXUS-LX 470
0.029886214882690564,MERCEDES-BENZ-CLK 200 KOMPRESSOR
0.044243010103044336,HONDA-ELYSION
0.04725606686134327,FORD-TRANSIT 135
0.07093780418219045,SUZUKI-SAMURAI
0.15251569160541067,BMW-M5 JAPAN
0.026202463665961802,TOYOTA-CALDINA
0.02620078541939382,PEUGEOT-607
0.399885879233377,LEXUS-RX 350 F SPORT
0.03739804652099486,OPEL-ASTRA H
0.030807572248514752,VOLKSWAGEN-NEW BEETLE
0.07251703420266506,RENAULT-MEGANE GT LINE
0.08935991675897023,MERCEDES-BENZ-CLS 350 AMG
0.14198972913100394,AUDI-Q5 S-LINE
0.10663991541637297,BMW-X1
0.037253717316148086,MERCEDES-BENZ-CLK 270
0.04897348370422582,ACURA-RDX
0.010411841707783708,DAIHATSU-SIRION
0.05890366864699761,HYUNDAI-ELANTRA GT
0.049710770986473335,CHEVROLET-CRUZE RS
0.021099486456550198,VAZ-2121  NIVA
0.09209881515792301,GAZ-20
0.05251904809854664,LINCOLN-MKZ HYBRID
0.045148189171953144,BMW-130
0.028305306615647972,NISSAN-X-TRAIL X-TRAIL
0.02462155539891921,TOYOTA-HILUX SURF
0.024741449333736114,MERCEDES-BENZ-200
0.03935991675897023,ISUZU-VEHICROSS
0.0664392642567046,VOLKSWAGEN-CC
0.07146645185110596,TOYOTA-PRIUS C NAVIGATION
0.07567549424361428,MERCEDES-BENZ-E 350 W211
0.031201960191991406,FORD-EXPEDITION
0.054045749001443294,MERCEDES-BENZ-ML 320
0.22093948242875844,LAND ROVER-RANGE ROVER EVOQUE
0.03680730372906387,TOYOTA-PRIUS V ALPINA
0.10514886047058034,MERCEDES-BENZ-SPRINTER 315CDI
0.051465109253851574,FORD-TAURUS INTERCEPTOR
0.05199207867619911,KIA-RIO LX
0.14567515859430066,BMW-X5 XDRIVE 35D
0.06514953176920753,VOLKSWAGEN-JETTA SEL
0.05251904809854664,MERCEDES-BENZ-G 300
0.1262007854193938,LEXUS-RX 450 H
0.022052159903332997,OPEL-AGILA
0.1262007854193938,TOYOTA-HIGHLANDER SPORT
0.012987480280602827,KIA-AVELLA
0.05918393582385124,FORD-FOCUS TITANIUM
0.05736045379787199,KIA-FORTE
0.03146376665659719,HONDA-ACCORD CL9 TYPE S
0.05251904809854664,FIAT-500 TURBO
0.006556909341120397,ACURA-TSX
0.04409760682039405,TOYOTA-AQUA L PAKETI
0.1462021280166482,HYUNDAI-SANTA FE ULTIMATE
0.10514886047058034,MERCEDES-BENZ-SPRINTER 311
0.02620078541939382,BMW-320 GRAN TURISMO
0.0819924143255127,MERCEDES-BENZ-E 280 CDI
0.017517537676635452,MERCEDES-BENZ-E 36 AMG
0.00827711207330581,OPEL-ASTRA ASTRA
0.05356963045010573,MERCEDES-BENZ-311
0.03672674789380056,MERCEDES-BENZ-VITO 2.2
0.2090334306716343,FORD-F150
0.13567616554224146,BMW-535 TWINTURBO
0.07672943308830933,MERCEDES-BENZ-416
0.025959117913603866,TOYOTA-AVENSIS
0.07672943308830933,HYUNDAI-SONATA HIBRID
0.06356973114489982,TOYOTA-PRIUS S
0.08356996609941933,INFINITI-QX80
0.007253381666834491,TOYOTA-WILL VS
0.0704125130064109,TOYOTA-PRIUS BLUG-IN
0.025150203067834727,NISSAN-PRESAGE RIDER
0.06409727117108045,TOYOTA-YARIS IA
0.04725606686134327,MERCEDES-BENZ-E 300 AVANTGARDE-LTD
0.11146578055247877,CADILLAC-ESCALADE
0.1814637666565972,HUMMER-H2
0.16620011412076663,BMW-550 GT
0.03778068673849562,MERCEDES-BENZ-290
0.1104118417077837,BMW-X5 X-DRIVE
0.020587889772765416,HYUNDAI-GETZ
0.08409693552176686,FIAT-500C
0.08935991675897023,MERCEDES-BENZ-R 320
0.023920618937334274,ACURA-MDX
0.008892457959923472,FORD-KA
0.07514852482126674,BMW-128 M TECH
0.08653911992749974,BUICK-ENCORE
0.04388614775282784,RENAULT-MEGANE
0.039885207934749776,HONDA-FIT HYBRYD
0.05199207867619911,MERCEDES-BENZ-CL 550
0.13672674789380057,BMW-X3 3.5I
0.12199063538415063,MERCEDES-BENZ-E 350 AMG
0.03263182626791528,MERCEDES-BENZ-C 220 CDI
0.08935991675897023,BMW-550 F10
0.05830564226496157,FORD-FOCUS ST
0.07462155539891921,TOYOTA-CAMRY SPORTI
0.015325747658846037,INFINITI-G20
0.046717349713019836,CHEVROLET-SONIC
0.05602658342563689,BMW-545
0.05119994629610983,INFINITI-FX35
0.49988420098680897,MERCEDES-BENZ-GLS 450
0.03345081059309234,BMW-X5 4.4I
0.028305306615647972,BMW-320 2.2
0.006598865505320042,RENAULT-MEGANE 19
0.04220692780183264,MERCEDES-BENZ-S 320
0.05567415164635988,CHEVROLET-CRUZE LS
0.09846064511798074,TOYOTA-CAMRY HYBRID
0.0819924143255127,MERCEDES-BENZ-E 350 4 MATIC AMG PACKAG
0.05251904809854664,BMW-645 CI
0.019271875944013694,CADILLAC-CTS
0.09323247071459739,TOYOTA-CAMRY LE
0.25514886047058033,TOYOTA-FORTUNER
0.10514886047058034,LEXUS-CT 200H F SPORT
0.024623233645487196,FORD-MAVERICK
0.02760379955022992,BMW-225
0.03672674789380056,FORD-S-MAX
0.03146376665659719,BMW-525 I
0.08409693552176686,MERCEDES-BENZ-GL 320 BLUETEC
0.0429127647433961,AUDI-100
0.15778202933575,NISSAN-QUEST 2016
0.09269291444298997,LEXUS-RC F
0.08409693552176686,BMW-320 2.0
0.09988587923337697,BMW-328 DIZEL
0.05567415164635988,SUBARU-IMPREZA G4
0.0346222266975464,HONDA-FIT FIT
0.0017285939650253416,AUDI-RS7
0.05738596314570537,VOLKSWAGEN-PASSAT SE
0.039885207934749776,SCION-IA ISTI
0.03778068673849562,HYUNDAI-ELANTRA GLS   LIMITED
0.030413184305038095,BMW-320 320
0.0704125130064109,KIA-OPTIMA X
0.015674822944987076,GAZ-3796
0.041484576914040214,MERCEDES-BENZ-C 320
0.04286913033262847,VOLKSWAGEN-TOURAN
0.010928741650723325,OPEL-OMEGA B
0.022710032557983418,OPEL-CORSA CORSA
0.027765750344040545,OPEL-VECTRA C
0.09279696573020509,MERCEDES-BENZ-E 220 CDI
0.09334407411136844,MERCEDES-BENZ-GL 350
0.02199174302688551,MAZDA-DEMIO 12
0.1735709730473601,HYUNDAI-TUCSON TURBO
0.08093847548081765,BMW-535 COMFORT-SPORT
0.039885207934749776,FIAT-500 46 ML
0.02450350753532709,TOYOTA-WISH
0.03751384553418588,TOYOTA-VITZ RS
0.05462356929480079,FIAT-500 LOUNGE
0.04752206894236901,VOLVO-XC90
0.012516362904037862,HYUNDAI-IONIQ
0.03778068673849562,BMW-525 525
0.0008928271741684288,CHEVROLET-TRAILBLAZER
0.07154029470009733,KIA-OPTIMA HYBRID
0.1472527103682073,MERCEDES-BENZ-G 320
0.048645655019635484,SUBARU-CROSSTREK
0.20778035108918202,MERCEDES-BENZ-CLS 63 AMG
0.13988520793474976,MERCEDES-BENZ-R 350 BLUETEC
0.041989729131003926,CHEVROLET-CRUZE SONIC
0.01620179236733461,CHEVROLET-NUBIRA
0.050233276272950024,MAZDA-AXELA
0.0688332829859363,BMW-X5 3.0
0.00146343100728359,TOYOTA-CENTURY
0.008762695935286812,VOLKSWAGEN-SCIROCCO
0.03672674789380056,BMW-745 I
0.027291645688584568,AUDI-A3
0.5893599167589703,BENTLEY-MULSANNE
0.006815929916423321,CADILLAC-SRX
0.08607055348571813,JEEP-RENEGADE
0.030348068338200248,DODGE-CARAVAN
0.03146376665659719,GONOW-GONOW
0.014624240593427986,MERCEDES-BENZ-S 350 LONGIA
0.025849461282851677,TOYOTA-FUN CARGO
0.060937132883563255,CHEVROLET-CRUZE L T
0.059753969053133286,FORD-C-MAX SEL
0.017014063706239722,UAZ-31514
0.07935924546034304,SUZUKI-VITARA
0.030094317457120802,TOYOTA-AQUA G KLAS
0.02620078541939382,BMW-735
0.003044339274326184,MERCURY-COUGAR
0.0717812909072601,FORD-FUSION SE
0.02841607088913503,BMW-116
0.14198972913100394,BMW-328 SULEV
0.08988688618131777,KIA-SORENTO SX
0.2886201456718021,BMW-M5
0.07721948108616118,TOYOTA-4RUNNER
0.02356929480079213,RENAULT-KANGOO
0.0230423253784446,SUZUKI-AERIO SX
0.051465109253851574,MERCEDES-BENZ-C 230 2.5
0.06409559292451247,TOYOTA-HIGHLANDER 2.4 LIT
0.011710804551404693,OPEL-OMEGA
0.02778169368643641,SUZUKI-CERVO
0.08409693552176686,MERCEDES-BENZ-SPRINTER MAXI-  MAX
0.08093847548081765,HYUNDAI-SONATA LPG
0.04725606686134327,SUZUKI-KIZASHI SPORTI
0.001992078676199107,FORD-B-MAX
0.034677608834289934,MITSUBISHI-MONTERO SPORT
0.1262007854193938,BMW-X1 28XDRIVE
0.06311932333098379,CHEVROLET-MALIBU LT
0.12093780418219045,BMW-X5 RESTILLING
0.024096264223139662,FORD-FOCUS FOKUSI
0.03129342462994663,SKODA-FABIA
0.055150538717148326,BMW-335 335I
0.0830429966770718,LEXUS-RX 400 RESTAILING
0.06444356056791864,SCION-TC
0.008307320511529553,DODGE-INTREPID
0.10514886047058034,INFINITI-EX37
0.006598865505320042,ZAZ-969 968M
0.06830799181015675,MAZDA-CX-5 TOURING
0.021464773604537978,HONDA-EDIX
0.1262007854193938,MERCEDES-BENZ-ML 350 BLUETEC
0.00022152854697412143,HYUNDAI-IX35 2.0
0.06304501057295338,BMW-750 4.8
0.06620011412076662,HYUNDAI-VELOSTER R-SPEC
0.09392139093075555,HYUNDAI-AZERA
0.012304903836471655,VAZ-2107 07
0.10199040042963112,FORD-TRANSIT CUSTOM
0.020937804182190448,VOLVO-960
0.02620078541939382,HONDA-ELYSION 3.0
0.045148189171953144,OPEL-ZAFIRA B
0.04357063739804652,TOYOTA-PRIUS 1.5I
0.009955358641291578,ROVER-200
0.05778202933575001,MERCEDES-BENZ-ML 270 CDI
0.02620078541939382,HONDA-CIVIC FERIO
0.009558184808512067,MITSUBISHI-CARISMA
0.039028463061793035,VOLVO-S60
0.0598823549155842,VOLKSWAGEN-JETTA TDI
0.07146645185110596,KIA-OPTIMA ECO
0.018833282985936294,UAZ-PATRIOT
0.030413184305038095,MERCEDES-BENZ-C 200 KOMPRESSOR
0.06304501057295338,BMW-X5 REST
0.028305306615647972,SUZUKI-ESCUDO
0.027517369851978654,MAZDA-VERISA
0.08356996609941933,NISSAN-KICKS
0.05988544288926929,CADILLAC-ATS
0.03567616554224146,TOYOTA-MARK X
0.18174906857315476,SUZUKI-VITARA GL
0.08935991675897023,BMW-X1 X-DRIVE
0.05462356929480079,FORD-FOCUS FLEXFUEL
0.04225489208874568,TOYOTA-AQUA G
0.03251770550129225,SUZUKI-SWIFT SPORT
0.04725438861477528,JEEP-PATRIOT
0.019887221830631355,SEAT-LEON
0.05251904809854664,MERCEDES-BENZ-300
0.09883361863524989,RENAULT-DUSTER
0.1262007854193938,AUDI-Q7 SPORT
0.029886214882690564,FORD-TRANSIT CONNECT PRASTOI
0.02620078541939382,MAZDA-VERISA 2007
0.0830429966770718,TOYOTA-CAMRY SPORT SE
0.8525156916054106,MERCEDES-BENZ-GLE 400 A M G
0.13225422079011848,TOYOTA-HIGHLANDER LIMITED
0.060937132883563255,JEEP-GRAND CHEROKEE LAREDO
0.0346222266975464,MERCEDES-BENZ-E 270 CDI
0.05567415164635988,BMW-X5 3.0I
0.00559191756452858,TOYOTA-COROLLA SPACIO
0.09251837679991945,TOYOTA-CAMRY XV50
0.03672674789380056,BMW-3.25E 48
0.12526432383445776,PORSCHE-911 MEQANIKA
0.08093847548081765,BMW-645
0.15848242875843319,JAGUAR-F-PACE
0.01777934414124123,GAZ-24
0.06435907763568624,FORD-TRANSIT T330
0.07006118886986877,FORD-ESCAPE SE
0.03146376665659719,BMW-3.20E 38
0.03672674789380056,OPEL-COMBO TDI
0.03778068673849562,MERCEDES-BENZ-E 50
0.05250562212600275,TOYOTA-AQUA HIBRID
0.02199063538415064,TOYOTA-CELICA
0.05041117040915651,MERCEDES-BENZ-ML 350 3.7
0.3672540529654617,PORSCHE-MACAN
0.012649514986741852,FIAT-PANDA
0.05261413754908871,KIA-NIRO
0.03672674789380056,NISSAN-X-TRAIL GT
0.01620179236733461,MERCEDES-BENZ-C 400
0.20514886047058034,BMW-535 DIESEL
0.08093847548081765,TOYOTA-RAV 4 SPORT
0.03418477494713523,HONDA-CR-Z
0.04725606686134327,CHEVROLET-MALIBU ECO
0.028305306615647972,SUBARU-FORESTER STB
0.04628882623435035,CHRYSLER-300
0.08356996609941933,FORD-ECOSPORT SE
0.03199073607894472,HONDA-FIT PREMIYM
0.028832276037995503,SUBARU-LEGACY BL5
0.0020692780183264527,CHEVROLET-HHR
0.08093847548081765,TOYOTA-PRIUS TSS LIMITED
0.02620078541939382,MINI-COOPER R50
0.07988453663612258,CITROEN-C8
0.020937804182190448,HONDA-CR-V CR-V
0.2046218910482328,CHEVROLET-SUBURBAN
0.07356090356795221,AUDI-A3 4X4
0.01777934414124123,NISSAN-100 NX
0.03357164434598731,TOYOTA-VITZ I.LL
0.008612761386902965,VOLKSWAGEN-T3
0.13672674789380057,TOYOTA-RAV 4 XLE
0.399885879233377,MERCEDES-BENZ-230 W153
0.00827711207330581,VOLKSWAGEN-GOLF 2
0.12093780418219045,MERCEDES-BENZ-GLK 300
0.04093914677944484,LANCIA-MUSA
0.011142449568690631,VOLKSWAGEN-GOLF 3
0.041989729131003926,VOLKSWAGEN-1500.1600 SCHTUFENHECK
0.007605813446111503,FORD-COUGAR
0.05251904809854664,MERCEDES-BENZ-E 420
0.04409649917765918,MERCEDES-BENZ-270
0.060937132883563255,MERCEDES-BENZ-C 250 LUXURY
0.028305306615647972,VOLKSWAGEN-PASSAT SPORT
0.05191152284093579,MERCEDES-BENZ-E 320 4 4
0.44198972913100393,MERCEDES-BENZ-GLC 300 GLC COUPE
0.00827711207330581,DAIHATSU-FEROZA
0.003982479105830229,MOSKVICH-2140
0.057768234148961164,VOLKSWAGEN-JETTA SE
0.05953522639546203,FIAT-500L
0.06023673346088008,MASERATI-GHIBLI
0.0704125130064109,FORD-C-MAX C-MAX
0.0988319403886819,BMW-X1 4X4
0.1252592890947538,BMW-530 GT
0.108373611250965,MERCEDES-BENZ-G 550
0.05462356929480079,TOYOTA-LAND CRUISER PRADO RX
0.03782576444131172,MERCEDES-BENZ-GLK 350
0.34198972913100395,FERRARI-456
0.02620078541939382,BMW-325 I
0.012061893733427314,MERCEDES-BENZ-190
0.08725539556271607,MERCEDES-BENZ-C 300 4MATIC
0.035149196119893936,PEUGEOT-207
0.04093914677944484,BMW-I3
0.04830664921290236,HONDA-FIT RS MODELI
0.09620212801664821,MERCEDES-BENZ-C 250 1.8
0.028926257845802706,TOYOTA-PRIUS C 2013
0.029884536636122578,CITROEN-C4
0.1004128486557245,NISSAN-KICKS SR
0.03672674789380056,DODGE-CALIBER SXT
0.14848229449870776,JAGUAR-E-PACE
0.028347262779847615,JAGUAR-X-TYPE
0.0230423253784446,NISSAN-CEFIRO
0.011633605209277347,DAIHATSU-MIRA
0.07357097304736011,AUDI-A6  6
0.049885879233376965,FORD-C-MAX PREMIUM
0.011130131238881617,OPEL-TIGRA
0.04519853656899272,MERCEDES-BENZ-A 140 140
0.029359245460343034,BMW-328 DRIFT CAR
0.07409794246970765,SUBARU-FORESTER XT
0.10725338166683449,LEXUS-GX 470 470
0.009357902863088645,NISSAN-MARCH 231212
0.14462121974960562,MERCEDES-BENZ-E 400
0.024096264223139662,CHEVROLET-CRUZE CRUZE
0.09466317591380526,BMW-328 I
0.08409693552176686,MERCEDES-BENZ-ML 350 4MATIC
0.008307320511529553,VOLKSWAGEN-EOS
0.00827711207330581,OPEL-ASTRA TD
0.10698989695566073,HYUNDAI-TUCSON LIMITED
0.006979827476252811,GAZ-3110
0.22093948242875844,MERCEDES-BENZ-GL 350 BLUETEC
0.7262007854193938,MERCEDES-BENZ-G 65 AMG G63 AMG
0.02620078541939382,SUZUKI-IGNIS
0.07883395428456348,CHEVROLET-CAMARO LS
0.10199040042963112,TOYOTA-COROLLA ECO
0.015997046286040345,CADILLAC-CATERA
0.08620145671802101,PORSCHE-CAYMAN
0.02199174302688551,NISSAN-TIIDA 15 M
0.09146443795522438,MERCEDES-BENZ-E 350 4 MATIC
0.24725271036820728,BMW-630
0.053430906588796026,HUMMER-H3
0.014667875004195616,VOLKSWAGEN-GOLF GTI
0.05321944752122982,DODGE-DART
0.024096264223139662,MAZDA-DEMIO MAZDA2
0.04374628268385191,BMW-745
0.008312925855066627,DODGE-NEON
0.03146376665659719,AUDI-A4 B6
0.02620078541939382,OPEL-ASTRA GE
0.1104118417077837,SKODA-OCTAVIA SCOUT
0.10830732051152955,LEXUS-IS 300
0.0003893532037726983,MERCEDES-BENZ-SPRINTER VIP CLASS
0.05356963045010573,AUDI-A6 UNIVERSAL
0.056201121068707414,MERCURY-MARINER
0.07146645185110596,FORD-MUSTANG CABRIO
0.04725606686134327,MERCEDES-BENZ-CLK 280
0.03989527741415769,HONDA-FIT RS
0.035149196119893936,FIAT-500 S
0.35777867284261405,BMW-530 G30
0.02356929480079213,MITSUBISHI-ECLIPSE
0.019887221830631355,DAIHATSU-MOVE
0.011130131238881617,CITROEN-C5
0.020149028295237136,BMW-3.18E 38
0.036203134964589,MERCEDES-BENZ-C 230 KOMPRESOR
0.025499278353975766,NISSAN-VANETTE
0.10830732051152955,AUDI-Q5 PRESTIGE
0.023112811734300003,SAAB-9-3
0.020410834759842917,VOLKSWAGEN-JETTA 2.0
0.02620078541939382,GAZ-322173
0.11304333232638539,TOYOTA-HIACE
0.0346222266975464,MERCEDES-BENZ-S 430
0.05988655053200416,LAND ROVER-DISCOVERY LR3
0.05778202933575001,MERCEDES-BENZ-CITAN
0.030413184305038095,MITSUBISHI-COLTPLUS PLUS
0.12093780418219045,VOLKSWAGEN-PASSAT RLAINI
0.020937804182190448,SUZUKI-ALTO LAPIN
0.07742906051757124,NISSAN-QUEST
0.07146645185110596,MINI-COUNTRYMAN S TURBO
0.046113751552378075,CHEVROLET-SILVERADO
0.20514886047058034,TOYOTA-4RUNNER LIMITED
0.08409693552176686,TOYOTA-PRIUS V HYBRID
0.19935890981102944,TOYOTA-RAV 4 LIMITED
0.07830698486221596,CHEVROLET-MALIBU HYBRID
0.021639311247608498,MERCEDES-BENZ-CLK 230
0.016668344913234653,MERCEDES-BENZ-B 220
0.039885207934749776,MERCEDES-BENZ-E 320 4MATIC
0.0003893532037726983,MERCEDES-BENZ-S 55 5.5
0.020410834759842917,LEXUS-GS 300
0.05356963045010573,TOYOTA-CAMRY SEL
0.0017285939650253416,MERCEDES-BENZ-GLE 450
0.05251904809854664,HYUNDAI-ELANTRA 2014
0.014097271171080455,BMW-520 I
0.03672674789380056,TOYOTA-BELTA
0.0230423253784446,MERCEDES-BENZ-CLK 200 200
0.06830799181015675,FORD-TRANSIT TOURNEO
0.04883361863524989,CHEVROLET-TRAX
0.043307152686872755,FORD-C-MAX SE
0.025150203067834727,MAZDA-DEMIO SPORT
0.0819924143255127,LEXUS-IS 250 TURBO
0.04304366797569899,MERCEDES-BENZ-280
0.1262007854193938,MAZDA-CX-3
0.03567616554224146,BMW-525    M
0.0819924143255127,CHEVROLET-VOLT FULL PACKET
0.04519853656899272,HONDA-FRED HIBRIDI
0.07251703420266506,SUBARU-FORESTER 4X4
0.07883395428456348,NISSAN-JUKE NISMO RS
0.03883462558319068,MERCEDES-BENZ-E 270 4
0.06083475984291612,VOLKSWAGEN-PHAETON
0.013983150404457422,MAZDA-MILLENIA
0.036203134964589,MITSUBISHI-LANCER GT
0.10514886047058034,MERCEDES-BENZ-250
0.04409760682039405,TOYOTA-PRIUS 9
0.07357097304736011,MERCEDES-BENZ-ML 320 CDI
0.141979659651596,AUDI-A6 QUATTRO
0.052517369851978656,BMW-730
0.021703084617191958,BMW-318 M
0.00146343100728359,LINCOLN-CONTINENTAL
0.02356929480079213,NISSAN-MARCH RAFEET
0.02620078541939382,MERCEDES-BENZ-E 200 W210
0.0025173698519786528,NISSAN-ARMADA
0.08339542845634881,NISSAN-JUKE NISMO
0.5446228979961736,LAND ROVER-RANGE ROVER VOGUE
0.0504128486557245,HYUNDAI-LANTRA
0.15251569160541067,BMW-X3 SDRIVE
0.060937132883563255,HONDA-FIT RS MUGEN
0.014097271171080455,VOLVO-C70
0.05778202933575001,INFINITI-JX35
0.05251904809854664,SUBARU-FORESTER CROSSSPORT
0.1104118417077837,MERCEDES-BENZ-GL 350 BLUTEC
0.0346222266975464,SUZUKI-XL7 LIMITED
0.2893599167589702,MERCEDES-BENZ-GL 450 3.0
0.07251703420266506,SUBARU-OUTBACK LIMITED
0.009955358641291578,AUDI-A4 B5
0.10199040042963112,BMW-X5 JAPAN
0.0003893532037726983,HONDA-CRX
0.02725472426408888,MERCEDES-BENZ-C 250 A.M.G
0.07146645185110596,VOLVO-XC90 3.2 AWD
0.16304501057295337,MERCEDES-BENZ-S 400
0.03672674789380056,MAZDA-RX-8
0.08620145671802101,BMW-535 535
0.11883328298593629,BMW-550 M PACKET
0.3472527103682073,BMW-640 M
0.05251904809854664,FORD-TRANSIT 100LD
0.0012284764877655825,OPEL-CROSSLAND X
0.03883462558319068,SUBARU-FORESTER CROSS SPORT
0.013180948544960226,MITSUBISHI-CHARIOT
0.021088846373309166,TOYOTA-GRAND HIACE
0.013570301748732925,VOLKSWAGEN-PASSAT PASAT
0.0009398180780720303,MOSKVICH-401
0.04567515859430067,MERCEDES-BENZ-C 250 AMG
0.024052629812372033,NISSAN-GLORIA
0.04725606686134327,MERCEDES-BENZ-C 180 KOMP
0.08725539556271607,TOYOTA-YARIS RS
0.10725338166683449,FERRARI-F50
0.05357130869667372,MERCEDES-BENZ-CL 500
0.34198972913100395,JAGUAR-E-PACE P200
0.019887221830631355,MERCEDES-BENZ-240
0.06304501057295338,BMW-118
0.07672943308830933,KIA-SPORTAGE SX
0.04093914677944484,NISSAN-X-TRAIL NISSAN X TRAIL R
0.23146376665659718,JEEP-WRANGLER ARB
0.35777867284261405,PORSCHE-PANAMERA 4
0.01625213976437418,TOYOTA-PRIUS PRIUS
0.015674822944987076,OPEL-ASTRA SUZUKI MR WAGON
0.06304501057295338,MITSUBISHI-PAJERO MONTERO
0.14198972913100394,LAND ROVER-RANGE ROVER EVOQUE 2.0
0.05851777263115497,HYUNDAI-SONATA LIMITED
0.999885879233377,MERCEDES-BENZ-AMG GT S
0.019360252408283825,VOLVO-S80
0.09514919611989393,HYUNDAI-TUCSON SE
0.08409693552176686,MERCEDES-BENZ-SPRINTER 313CDI
0.13672674789380057,TOYOTA-CAMRY XLEI
0.09907696438760782,RENAULT-CAPTUR QM3 SAMSUNG
0.07567549424361428,CHRYSLER-300 LIMITED
0.04725606686134327,VOLKSWAGEN-PASSAT 2.0 TFSI
0.021464773604537978,AUDI-RS6
0.05286812338468768,VOLKSWAGEN-JETTA SPORT
0.08935991675897023,HYUNDAI-SONATA 2.4L
0.030413184305038095,NISSAN-LATIO
0.06620011412076662,VOLKSWAGEN-CC SPORT
0.01672876178968214,MITSUBISHI-PAJERO 2.5DIEZEL
0.05557010035914477,MERCEDES-BENZ-ML 350 370
0.007270164132514349,PEUGEOT-406
0.05251904809854664,TOYOTA-PRIUS 11
0.037253717316148086,NISSAN-370Z
0.14409760682039405,FORD-EXPLORER TURBO JAPAN
0.06869398852079348,FORD-FUSION BYBRID
0.05251904809854664,VAZ-VESTA
0.019887221830631355,VOLKSWAGEN-LUPO IAPONURI
0.06778102238780921,BMW-118 2.0
0.008948410700500117,VOLKSWAGEN-TRANSPORTER
0.025150203067834727,MERCEDES-BENZ-C 180 2.0
0.0005571778605712751,TOYOTA-LAND CRUISER 105
0.014624240593427986,VOLKSWAGEN-GOLF 1.8
0.03251770550129225,NISSAN-X-TRAIL NISMO
0.04407689725774511,HONDA-STEP WAGON
0.0946228979961736,HYUNDAI-LANTRA LIMITED
0.009619709327694424,OPEL-FRONTERA
0.1104118417077837,TOYOTA-LAND CRUISER 100
0.07761890376934179,HYUNDAI-VELOSTER TURBO
0.07146645185110596,MERCEDES-BENZ-E 320 BLUETEC
0.051465109253851574,SUZUKI-SJ 413 SAMURAI
0.09461282851676568,MERCEDES-BENZ-VITO 115 CDI
0.06830799181015675,VOLKSWAGEN-ROUTAN SEL
0.05567415164635988,GAZ-21 3.0
0.039885207934749776,JEEP-GRAND CHEROKEE SPECIAL E
0.09041385560366529,BMW-335 D
0.06665548954452387,MERCEDES-BENZ-220
0.05251904809854664,MERCEDES-BENZ-ML 350 ML350
0.008307320511529553,SUBARU-R2
0.07883395428456348,NISSAN-PATHFINDER SE
0.0346222266975464,TOYOTA-MATRIX XR
0.0004850132581478871,ROLLS-ROYCE-PHANTOM
0.029534890746148425,NISSAN-PRESAGE
0.04041385560366529,INFINITI-FX45
0.1819924143255127,TOYOTA-RAV 4 SE
0.04014869264592354,MAZDA-MAZDA 2
0.04409760682039405,HONDA-EDIX FR-V
0.041989729131003926,ALFA ROMEO-159
0.10513879099117242,BMW-535 XI
0.04357063739804652,TOYOTA-PRIUS PLUG-IN
0.1556741516463599,TOYOTA-RAV 4 DIZEL
0.1472527103682073,LEXUS-IS-F
0.02672775484174135,OPEL-ASTRA J
0.012304903836471655,SEAT-IBIZA
0.5051488604705804,LAND ROVER-RANGE ROVER VELAR
0.07251703420266506,INFINITI-EX35
0.035149196119893936,MERCEDES-BENZ-A 200
0.07567549424361428,TOYOTA-PRIUS PERSONNA
0.04725606686134327,AUDI-S3
0.3262007854193938,MERCEDES-BENZ-CLS 450 CLS 400
0.0588326116873091,FORD-FUSION 2015
0.0704125130064109,KIA-SPORTAGE EX
0.17093948242875842,BMW-640
0.01725573121202967,OPEL-OMEGA C
0.06514953176920753,KIA-OPTIMA EX
0.08374561138522472,NISSAN-NAVARA
0.25567582989292786,MERCEDES-BENZ-G 63 AMG
0.020937804182190448,SUBARU-LEGACY OUTBACK
0.0346222266975464,HONDA-FIT MODULO
0.06304501057295338,ALFA ROMEO-GIULIETTA
0.18409693552176687,LEXUS-GS 450
0.008612761386902965,MAZDA-626
0.1340902225354949,LEXUS-RX 450 HYBRID
0.020937804182190448,OPEL-ASTRA CNG
0.10514886047058034,BMW-X5 4.8IS
0.00827711207330581,ROVER-216
0.08409693552176686,MERCEDES-BENZ-ML 350 SPORT
0.005927566878125734,ROVER-416
0.03251770550129225,TOYOTA-NOAH
0.06514953176920753,MAZDA-MAZDA 6 GRAND TOURING
0.120060651830967,BMW-X4
0.17567549424361428,TOYOTA-LAND CRUISER 11
0.08672842614036855,KIA-SORENTO EX
0.11357030174873292,TOYOTA-CAMRY SPORT PAKET
0.010411841707783708,MERCEDES-BENZ-SLK 32 AMG
0.03883462558319068,MERCEDES-BENZ-C 32 AMG
0.020937804182190448,UAZ-31514 UAZ
0.02620078541939382,CITROEN-BERLINGO
0.008226764676266237,VOLVO-S70
0.05988655053200416,FORD-FUSION HIBRID
0.0008928271741684288,MERCEDES-BENZ-S 550 LONG
0.17672943308830932,LEXUS-GX 470 SUV 4D  4.7L V8 S
0.06514953176920753,MERCEDES-BENZ-SPRINTER 316
0.029359245460343034,BMW-525 TDI
0.23146376665659718,LEXUS-RC F F SPORT
0.05041117040915651,HONDA-FIT GP-5
0.10830732051152955,BMW-X5 M PACKET
0.03672674789380056,RENAULT-KANGOO WAGGON
0.03304299667707179,SUBARU-LEGACY B4
0.06304501057295338,MERCEDES-BENZ-SPRINTER 314
0.09988587923337697,MERCEDES-BENZ-CLS 350 JAPAN
0.027780015439868425,PEUGEOT-307
0.08093847548081765,FIAT-500X
0.1672540529654617,HYUNDAI-SANTA FE LONG
0.025150203067834727,CHEVROLET-SONIC LT
0.10514886047058034,HYUNDAI-H1 GRANDSTAREX
0.1577686033632061,KIA-SPORTAGE PRESTIGE
0.0504128486557245,INFINITI-QX56
0.020937804182190448,NISSAN-SKYLINE 4WD
0.012640553150068809,MAZDA-PROTEGE
0.0230423253784446,TOYOTA-WILL CHYPA
0.03778068673849562,MERCEDES-BENZ-C 320 AMG
0.011633605209277347,VOLVO-S40
0.0946228979961736,DODGE-RAM 1500
0.004249320310139966,VOLKSWAGEN-T3 0000
0.06304501057295338,SKODA-SUPERB
0.3462021280166482,PORSCHE-MACAN S
0.04883361863524989,RENAULT-MEGANE 1.9CDI
0.056023226932500926,MERCEDES-BENZ-E 220 W210...CDI
0.03146376665659719,MERCEDES-BENZ-S 600
0.049360588057597424,CHEVROLET-CORVETTE
0.04357063739804652,MERCEDES-BENZ-GLK 250
0.15778202933575,MERCEDES-BENZ-SPRINTER 316 CDI
0.16435404289598227,BMW-420
0.0946228979961736,MITSUBISHI-OUTLANDER XL
0.04777967979055483,"HONDA-FIT ""S""- PAKETI."
0.07462155539891921,SSANGYONG-REXTON SUPER
0.010411841707783708,FORD-FIESTA SE
0.07356090356795221,HYUNDAI-H1 GRAND STAREX
0.06830799181015675,MERCEDES-BENZ-ML 63 AMG
0.050495082737555805,PORSCHE-CAYENNE S
0.029359245460343034,NISSAN-TIIDA LATIO
0.04725606686134327,HONDA-CR-V LX
0.1472527103682073,JEEP-WRANGLER SPORT
0.055150538717148326,MERCEDES-BENZ-ML 55 AMG
0.0,TOYOTA-SAI
0.0946228979961736,FIAT-500X LOUNGE
0.08409693552176686,BMW-M550
0.04725606686134327,FORD-EXPLORER XLT
0.08379820763266539,NISSAN-QASHQAI ADVANCE CVT
0.046202128016648206,HYUNDAI-ACCENT SE
0.02620078541939382,GAZ-21
0.0946228979961736,BMW-535 I XDRIVE
0.06830799181015675,MINI-COUNTRYMAN SPORT
0.08548205954418822,MERCEDES-BENZ-SPRINTER 313
0.023273923404826636,BMW-323
0.15672809049105493,LEXUS-ES 300 HYBRID
0.02301379518678884,MAZDA-TRIBUTE
0.07251703420266506,KIA-OPTIMA SXL
0.05462356929480079,DODGE-CARAVAN TRADESMAN
0.010411841707783708,NISSAN-ALMERA
0.07357097304736011,HONDA-FIT EX
0.09461282851676568,MERCEDES-BENZ-C 43 AMG
0.0704125130064109,BMW-128
0.02203873393078911,PONTIAC-G6
0.05251904809854664,MERCURY-MARINER HYBRID
0.11567482294498707,MERCEDES-BENZ-VITO LONG115
0.03672674789380056,TOYOTA-VOXY 2003
0.05041117040915651,BMW-Z4
0.0819924143255127,MERCEDES-BENZ-VITO 113
0.020937804182190448,MERCEDES-BENZ-A 170 CDI
0.03969724431913537,TOYOTA-RACTIS
0.046202128016648206,SATURN-VUE
0.045148189171953144,BMW-530 M
0.020937804182190448,MITSUBISHI-PAJERO MINI 2008
0.07146645185110596,MERCEDES-BENZ-E 280 3.0
0.09199140737757192,MITSUBISHI-ECLIPSE ES
0.06935857416171584,FORD-FUSION 1.6
0.06830799181015675,FORD-TRANSIT FORD
0.03672674789380056,VOLKSWAGEN-PASSAT B7
0.013570301748732925,VOLKSWAGEN-LUPO
0.07883395428456348,INFINITI-M37
0.02725472426408888,KIA-CARENS
0.08935991675897023,MASERATI-QUATTROPORTE
0.0704125130064109,HYUNDAI-ELANTRA 2016
0.05672809049105495,HONDA-CROSSROAD
0.03672674789380056,AUDI-A4 S4
0.08278119021246602,BMW-M4
0.06251804115060584,HYUNDAI-VELOSTER REMIX
0.01777934414124123,NISSAN-RASHEEN
0.03672674789380056,AUDI-A4 B7
0.015147853522639546,FIAT-SEICENTO FIAT 600
0.03883462558319068,MERCEDES-BENZ-C 270
0.07146645185110596,PEUGEOT-508
0.06304501057295338,MERCEDES-BENZ-VITO 111 CDI
0.048659080992179374,SCION-XD
0.0702368677206055,INFINITI-G37
0.060413519954351694,FORD-ECOSPORT
0.0003893532037726983,BMW-340
0.02672775484174135,VOLKSWAGEN-PASSAT B5
0.025150203067834727,VOLKSWAGEN-POLO GTI 16V
0.10409492162588528,SUBARU-XV HYBRID
0.23672674789380055,BMW-X6 GERMANY
0.014990098345248884,MAZDA-323 F
0.008834289933877085,NISSAN-LEAF
0.05251904809854664,HYUNDAI-ELANTRA LIMITEDI
0.16304501057295337,FORD-MUSTANG ECOBOOST
0.07251703420266506,TOYOTA-SIENTA LE
0.013983150404457422,MINI-ONE
0.03883462558319068,AUDI-TT
0.0038599671063672676,VAZ-2109
0.16304501057295337,MERCEDES-BENZ-ML 500 AMG
0.003044339274326184,MITSUBISHI-SPACE RUNNER
0.12093780418219045,INFINITI-Q50 S RED
0.13567616554224146,NISSAN-QASHQAI SPORT
0.14514818917195316,MERCEDES-BENZ-S 350 CDI 320
0.48409693552176686,BMW-M4 COMPETITION
0.051465109253851574,OPEL-ASTRA GTC 1.9 TURBO DIES
0.18113650857583996,ASTON MARTIN-VIRAGE
0.6483066492129024,MERCEDES-BENZ-GLE 400 COUPE. AMG KIT
0.19199140737757192,MERCEDES-BENZ-ML 300
0.018833282985936294,HONDA-400X
0.5472527103682073,BMW-M6 GRAN CUPE
0.01672876178968214,CITROEN-C1 C
0.02199174302688551,NISSAN-MOCO
0.02725472426408888,OPEL-MONTEREY
0.1262007854193938,PEUGEOT-3008
0.004249320310139966,VAZ-2101 01
0.04199140737757191,MERCEDES-BENZ-B 200
0.015661396972443193,OPEL-FRONTERA A B
0.03778068673849562,MERCEDES-BENZ-C 240 W203
0.029359245460343034,OPEL-VECTRA H
0.12093780418219045,MERCEDES-BENZ-CLA 250 AMG
0.061991071728258317,TOYOTA-HIGHLANDER 2.4
0.2994226831806129,MERCEDES-BENZ-SPRINTER 516
0.014990098345248884,ALFA ROMEO-166
0.018833282985936294,CHRYSLER-PT CRUISER PT CRUISER
0.02672775484174135,PEUGEOT-807
0.06725405296546169,TOYOTA-PRIUS C 80 ORIGINAL
0.060937132883563255,INFINITI-G35 X
0.04409760682039405,HONDA-INSIGHT LX
0.08409693552176686,JEEP-PATRIOT 70TH ANNIVERSARY
0.0230423253784446,MERCEDES-BENZ-CLK 320 AVANGARDE
0.005675829892927869,FORD-SCORPIO
0.025150203067834727,MITSUBISHI-AIRTREK TURBO
0.11567482294498707,AUDI-A6 PREMIUM PLUS
0.1335716443459873,LAND ROVER-DISCOVERY IV
0.47356761655422414,MERCEDES-BENZ-GLC 250
0.020937804182190448,BMW-318 318
0.06830799181015675,INFINITI-Q45
0.07988453663612258,NISSAN-SILVIA
0.022518712449233043,OPEL-ASTRA GI
0.0032423723693485048,MERCEDES-BENZ-GLS 63 AMG
0.10514886047058034,MERCEDES-BENZ-SPRINTER 315CDI-XL
0.17419024603094688,TOYOTA-LAND CRUISER 200
0.03883462558319068,MERCEDES-BENZ-GL 500
0.03672674789380056,HONDA-FIT GP-6
0.06304501057295338,BMW-530 525I
0.2588326116873091,MERCEDES-BENZ-GLA 200
0.11567482294498707,LEXUS-IS 350 C
0.04409760682039405,MERCEDES-BENZ-B 200 TURBO
0.020410834759842917,MERCEDES-BENZ-CLK 200 KOMPRESOR
0.011969254522874501,RENAULT-MEGANE 5
0.05988655053200416,MERCEDES-BENZ-C 300 SPORT
0.034095257275198874,BUICK-ENCLAVE
0.02199174302688551,DAEWOO-MATIZ
0.06514953176920753,HYUNDAI-ELANTRA I30
0.0719917430268855,TOYOTA-PRIUS PLUG IN
0.06830799181015675,MERCEDES-BENZ-G 230 2.2CDI
0.1062027993152754,BMW-X5 DIESEL
0.06620011412076662,CITROEN-DS 4
0.09386768704058,BMW-520 D XDRIVE LUXURY
0.01777934414124123,OPEL-VECTRA 1.6
0.08251602725472426,HONDA-HR-V EXL
3.3564931359715368e-06,TOYOTA-MARK X ZIO
0.28409693552176685,AUDI-ALLROAD ALLROAD
0.045148189171953144,TOYOTA-AQUA SPORT
0.029359245460343034,NISSAN-ALMERA DCI
0.09778135803712282,SUBARU-IMPREZA SPORT
0.019887221830631355,VOLKSWAGEN-BORA
0.07760547779679791,FORD-FUSION HYBRID
0.05778202933575001,MERCEDES-BENZ-VITO 111
0.015674822944987076,VAZ-2105
0.02501762158896385,JAGUAR-DAIMLER
0.05988655053200416,VOLKSWAGEN-JETTA SEI
0.04352029000100695,MERCEDES-BENZ-SPRINTER 308 CDI
0.00011747725975900379,ACURA-TL SABER
0.11567482294498707,FORD-COURIER
0.07357097304736011,MERCEDES-BENZ-SPRINTER EURO4
0.02620078541939382,MAZDA-MPV LX
0.06672708354311416,TOYOTA-YARIS SE
0.10283288020675997,MERCEDES-BENZ-VIANO AMBIENTE
0.07251703420266506,BMW-118 M-SPORT LCI
0.23146376665659718,VOLKSWAGEN-CRAFTER 2.5 TDI
0.08725539556271607,LEXUS-CT 200H 1.8
0.024096264223139662,GMC-ENVOY
0.025150203067834727,OPEL-COMBO 1700
0.061991071728258317,VOLKSWAGEN-PASSAT TDI SEL
0.03793508542275031,MERCEDES-BENZ-B 180
0.13935823851240225,HYUNDAI-SANTA FE SPORT
0.018833282985936294,ZAZ-969 LUAZ
0.0988319403886819,MERCEDES-BENZ-C 250 1.8 TURBO
0.15778202933575,TOYOTA-HIGHLANDER XLE
0.12935924546034303,MERCEDES-BENZ-VITO 115
0.024096264223139662,ISUZU-WIZARD
0.046202128016648206,HYUNDAI-SONATA SE LIMITED
0.07146645185110596,TOYOTA-PRIUS 1.8
0.07357097304736011,HYUNDAI-H1 STARIXS
0.03146376665659719,NISSAN-SKYLINE GT250
0.018833282985936294,SUBARU-SAMBAR
0.041466116201792365,HYUNDAI-ACCENT GS
0.1262007854193938,TOYOTA-COROLLA SE
0.6486523680059074,MERCEDES-BENZ-GLE 400
0.07146645185110596,AUDI-A5 SPORTBACK
0.049622394522203205,MAZDA-MAZDA 5
0.13935991675897022,BMW-X5 35D
0.060937132883563255,DODGE-CHARGER RT
0.2684053301110999,PEUGEOT-3008 2.0
0.09672741919242775,MERCEDES-BENZ-C 250 AMG-PAKET-1.8
0.058834289933877085,FORD-TRANSIT 2.4
0.015674822944987076,BMW-525 VANOS
0.24725271036820728,BMW-635
0.015674822944987076,NISSAN-PRIMERA
0.03581713825395227,CHEVROLET-NIVA
0.02103178598999765,BMW-7.30E 34
0.10304433927432619,BMW-335 M PAKET
0.034095257275198874,MERCEDES-BENZ-B 170 B CLASS
0.2526298123720337,SUZUKI-JIMNY GLX
0.03030577652468701,SUBARU-B9 TRIBECA
0.009948645655019635,PEUGEOT-206 CC
0.03146376665659719,MERCEDES-BENZ-S 430 4.3
0.05251904809854664,MERCEDES-BENZ-E 220 211
0.25146510925385157,MERCEDES-BENZ-SL 55 AMG
0.04883361863524989,RENAULT-MEGANE 1.9 CDI
0.08058829255194172,BMW-X5 E70
0.01834659148122042,NISSAN-LAFESTA
0.01146578055247877,JAGUAR-XK
0.03672674789380056,MERCEDES-BENZ-E 220 ELEGANCE
0.03672674789380056,MERCEDES-BENZ-S 420
0.0008324102977209411,BUICK-REGAL
0.06725405296546169,MERCEDES-BENZ-ML 350 SPECIAL EDITION
0.01146578055247877,MERCEDES-BENZ-E 260
0.051465109253851574,TOYOTA-PRIUS C HYBRID
0.06936025240828382,NISSAN-JUKE JUKE
0.05041117040915651,HONDA-FIT HYBRID
0.046202128016648206,CHRYSLER-CROSSFIRE
0.061991071728258317,MINI-COOPER F-56
0.2104118417077837,BMW-X6 LIMITED
0.013570301748732925,JAGUAR-S-TYPE
0.00928406001409727,VAZ-2103 03
0.016727083543114155,MITSUBISHI-GALANT
0.05462356929480079,VOLVO-V50
0.0552008861141879,DODGE-CALIBER JOURNEY
0.025150203067834727,MERCEDES-BENZ-CLK 200 208
0.028832276037995503,NISSAN-TERRANO
0.03672674789380056,MERCEDES-BENZ-V 230
0.03672674789380056,PEUGEOT-407
0.04352029000100695,AUDI-S6
0.06304501057295338,MERCEDES-BENZ-CLK 350
0.0678548652368006,TOYOTA-CAMRY XSE
0.05041117040915651,FIAT-500 SPORT PANORAMA
0.041989729131003926,MERCEDES-BENZ-B 170 EDITION ONE
0.06830799181015675,VOLKSWAGEN-CRAFTER 2.5TDI
0.10514886047058034,BMW-740 I
0.02002483804920619,MITSUBISHI-GALANT GTS
0.02723122881213708,HONDA-FIT PREMIUMI
0.05409659987245326,HYUNDAI-ELANTRA GS
0.07251703420266506,CADILLAC-DTS
0.06830799181015675,KIA-OPTIMA HYBID
0.3367267478938006,PORSCHE-PANAMERA GTS
0.01882321350652838,FORD-SIERRA DIZEL
0.47356761655422414,MERCEDES-BENZ-GLE 43 AMG
0.06830799181015675,VOLKSWAGEN-PASSAT TSI-SE
0.030413184305038095,VOLKSWAGEN-CADDY CADI
0.05251904809854664,TOYOTA-LAND CRUISER 80
0.10514886047058034,MINI-PACEMAN
0.04725606686134327,FORD-TAURUS X
0.11883328298593629,CHEVROLET-CAMARO RS
0.02620078541939382,MERCEDES-BENZ-E 290
0.0010606518309670056,BMW-535 M
0.02199174302688551,MERCEDES-BENZ-C 230 2.0 KOMPRESOR
0.05567415164635988,NISSAN-MICRA  DIESEL
0.03672674789380056,HYUNDAI-I20
0.07883395428456348,TOYOTA-PRIUS PLAGIN
0.03672674789380056,FIAT-PUNTO
0.04725606686134327,TOYOTA-PRIUS 3
0.04409760682039405,TOYOTA-RAV 4 L
0.034095257275198874,TOYOTA-BB
0.24198972913100392,MERCEDES-BENZ-VITO EXTRA LONG
0.06830799181015675,HONDA-CROSSTOUR
0.13146376665659718,TOYOTA-CAMRY SE HIBRYD
0.13567616554224146,BMW-428 I
0.0704125130064109,NISSAN-JUKE TURBO
0.05251904809854664,MOSKVICH-400
0.10175880240324908,HYUNDAI-I40
0.03146376665659719,NISSAN-VERSA S
0.03146376665659719,HONDA-LEGEND FULL
0.2630450105729534,BMW-650 450 HP
0.02723122881213708,HONDA-FIT PREMIUM PAKETI
0.2262007854193938,MERCEDES-BENZ-C 300 6.3 AMG PACKAGE
0.05567415164635988,MITSUBISHI-LANCER GTS
0.020937804182190448,MERCEDES-BENZ-VITO 110D
0.3051488604705803,FORD-RANGER WILDTRAK
0.038832947336622695,BMW-530 I
0.03672674789380056,VOLKSWAGEN-JETTA S
0.0346222266975464,MINI-COOPER CLUBMAN
0.31230490383647164,CHEVROLET-COLORADO
0.1104118417077837,MERCEDES-BENZ-E 200 CGI
0.02199174302688551,VOLKSWAGEN-JETTA 2
0.030413184305038095,VOLKSWAGEN-GOLF GOLF 5
0.023381331185177726,MERCEDES-BENZ-E 200 2000
0.03357164434598731,HONDA-INTEGRA
0.10725338166683449,SUBARU-IMPREZA WRX STI LIMITED
0.09988587923337697,MERCEDES-BENZ-CL 55 AMG KOMPRESSOR
0.2304131843050381,TOYOTA-TACOMA TRD OFF ROAD
0.049360588057597424,MITSUBISHI-DELICA 5
0.0003390058067331252,TOYOTA-COROLLA 140
0.07936092370691102,MINI-COOPER S
0.24093914677944483,TOYOTA-RAV 4 SUPER
0.019887221830631355,MITSUBISHI-PAJERO MINI 2010
0.05251904809854664,CHEVROLET-CRUZE LT RS
0.003745846339744235,VAZ-2111
0.013570301748732925,BMW-316 1995
0.1304131843050381,AUDI-A6 C7
0.034095257275198874,OPEL-ASTRA A.H
0.04687678313697848,SUZUKI-HUSTLER
0.051465109253851574,HONDA-STEP WAGON RG2 SPADA
0.05778202933575001,VOLKSWAGEN-JETTA HYBRID
0.027234585305273052,HONDA-FIT NAVI PREMIUM
0.04725438861477528,HONDA-CIVIC HYBRID
0.09988587923337697,BMW-Z4 3.0 SI
0.05672809049105495,VOLKSWAGEN-JETTA 1.4 TURBO
0.5051488604705804,JAGUAR-F-TYPE R
0.039885207934749776,SUBARU-FORESTER L.L.BEAN
0.05778202933575001,HYUNDAI-SONATA SE
0.023381331185177726,MERCEDES-BENZ-S 500 67
0.05988655053200416,OPEL-INSIGNIA
0.03883462558319068,MERCEDES-BENZ-ML 320 AMG
0.0704125130064109,FORD-ESCAPE ESCAPE
0.0819924143255127,HYUNDAI-VERACRUZ
0.00827711207330581,VOLVO-940
0.02620078541939382,GAZ-31105
0.015674822944987076,HYUNDAI-GALLOPER
0.03672674789380056,BMW-325 XI
0.030413184305038095,TOYOTA-CAMI
0.039885207934749776,VOLKSWAGEN-T5
0.05830564226496157,VOLKSWAGEN-TIGUAN SE
0.01834659148122042,AUDI-A6 EVROPULI
0.0588326116873091,TOYOTA-PRIUS C YARIS IA
0.11883328298593629,MERCEDES-BENZ-CL550 AMG
0.03672674789380056,SUBARU-OUTBACK 3.0
0.028305306615647972,MERCEDES-BENZ-A 170 AVANGARD
0.037253717316148086,TOYOTA-PRIUS C 1.5I
0.049360588057597424,JEEP-PATRIOT LATITUDE
0.02199174302688551,CHEVROLET-KALOS
0.03935823851240224,AUDI-A4 SLINE
0.14409760682039405,MERCEDES-BENZ-ML 550
0.10199040042963112,HONDA-RIDGELINE
0.06830799181015675,TOYOTA-PRIUS V HIBRID
0.03883462558319068,VOLVO-XC90 2.5TURBO
0.04462121974960561,FORD-FOCUS SEL
0.025673815997046285,CHEVROLET-CRUZE S
0.13146376665659718,MERCEDES-BENZ-SLK 350 300
0.09988587923337697,LEXUS-RX 400 H
0.06304501057295338,KIA-OPTIMA K5
0.10514886047058034,BMW-X5 SPORT
0.2893599167589702,BMW-X6 40D
0.24198972913100392,JAGUAR-XE
0.07672943308830933,BMW-528 3.0
0.03357164434598731,GREATWALL-C30
0.024096264223139662,SUBARU-OUTBACK 2007
0.046202128016648206,FORD-FUSION HYBRID SE
0.05251904809854664,NISSAN-VERSA SE
0.06830799181015675,MERCEDES-BENZ-VITO EXSTRALONG
0.028305306615647972,MERCEDES-BENZ-C 240 W 203
0.15251569160541067,MERCEDES-BENZ-VITO EXTRALONG
0.049360588057597424,MERCEDES-BENZ-E 500 AVG
0.06304501057295338,HONDA-FIT LX
0.04956197764575571,SUZUKI-EVERY LANDY NISSAN SEREN
0.04725606686134327,MERCEDES-BENZ-CL 600
0.010411841707783708,MERCEDES-BENZ-E 230 124
0.21567482294498708,LEXUS-RX 450 F SPORT
0.039885207934749776,TOYOTA-PRIUS C AQUA
